{
    "foreground_intensity_properties_per_channel": {
        "0": {
            "max": 1.0,
            "mean": 0.515815258026123,
            "median": 0.5421549081802368,
            "min": 0.0,
            "percentile_00_5": 0.0,
            "percentile_99_5": 1.0,
            "std": 0.29032525420188904
        }
    },
    "median_relative_size_after_cropping": 1.0,
    "shapes_after_crop": [
        [
            1280,
            1024,
            60
        ],
        [
            1280,
            1024,
            59
        ],
        [
            1280,
            1024,
            60
        ],
        [
            1280,
            1024,
            60
        ],
        [
            1280,
            1024,
            60
        ],
        [
            1280,
            1024,
            60
        ],
        [
            1280,
            1024,
            60
        ],
        [
            1280,
            1024,
            60
        ],
        [
            1280,
            1024,
            60
        ],
        [
            1280,
            1024,
            60
        ],
        [
            1280,
            1024,
            60
        ],
        [
            1280,
            1024,
            60
        ],
        [
            1280,
            1024,
            60
        ],
        [
            1280,
            1024,
            60
        ],
        [
            1280,
            1024,
            60
        ],
        [
            1280,
            1024,
            60
        ],
        [
            1280,
            1024,
            60
        ],
        [
            1280,
            1024,
            60
        ],
        [
            1280,
            1024,
            60
        ],
        [
            1280,
            1024,
            60
        ],
        [
            1280,
            1024,
            60
        ],
        [
            1280,
            1024,
            60
        ],
        [
            1280,
            1024,
            60
        ],
        [
            1280,
            1024,
            60
        ],
        [
            1280,
            1024,
            60
        ],
        [
            1280,
            1024,
            60
        ],
        [
            1280,
            1024,
            60
        ],
        [
            1280,
            1024,
            60
        ],
        [
            1280,
            1024,
            60
        ],
        [
            1280,
            1024,
            60
        ],
        [
            1280,
            1024,
            60
        ],
        [
            1280,
            1024,
            60
        ],
        [
            1280,
            1024,
            60
        ],
        [
            1280,
            1024,
            60
        ],
        [
            1280,
            1024,
            60
        ],
        [
            1280,
            1024,
            60
        ],
        [
            1280,
            1024,
            60
        ],
        [
            1280,
            1024,
            60
        ],
        [
            1280,
            1024,
            60
        ],
        [
            1280,
            1024,
            60
        ],
        [
            1280,
            1024,
            60
        ],
        [
            1280,
            1024,
            60
        ],
        [
            1280,
            1024,
            60
        ],
        [
            1280,
            1024,
            60
        ],
        [
            1280,
            1024,
            60
        ],
        [
            1280,
            1024,
            60
        ],
        [
            1280,
            1024,
            60
        ],
        [
            1280,
            1024,
            60
        ],
        [
            1280,
            1024,
            60
        ],
        [
            1280,
            1024,
            60
        ],
        [
            1280,
            1024,
            60
        ],
        [
            1280,
            1024,
            60
        ],
        [
            1280,
            1024,
            60
        ],
        [
            1280,
            1024,
            60
        ],
        [
            1280,
            1024,
            60
        ],
        [
            1280,
            1024,
            60
        ],
        [
            1280,
            1024,
            60
        ],
        [
            1280,
            1024,
            60
        ],
        [
            1280,
            1024,
            60
        ],
        [
            1280,
            1024,
            60
        ],
        [
            1280,
            1024,
            60
        ],
        [
            1280,
            1024,
            60
        ],
        [
            1280,
            1024,
            60
        ],
        [
            1280,
            1024,
            60
        ],
        [
            1280,
            1024,
            60
        ],
        [
            1280,
            1024,
            60
        ],
        [
            1280,
            1024,
            60
        ],
        [
            1280,
            1024,
            60
        ],
        [
            1280,
            1024,
            60
        ],
        [
            1280,
            1024,
            60
        ],
        [
            1280,
            1024,
            60
        ],
        [
            1280,
            1024,
            60
        ],
        [
            1280,
            1024,
            60
        ],
        [
            1280,
            1024,
            60
        ],
        [
            1280,
            1024,
            60
        ],
        [
            1280,
            1024,
            60
        ],
        [
            1280,
            1024,
            60
        ],
        [
            1280,
            1024,
            60
        ],
        [
            1280,
            1024,
            60
        ]
    ],