{
    "n_bands": 60,
    "n_pixels": 102236160,
    "n_foreground": 20365149,
    "best_k": 7,
    "silhouette_scores": [
        [
            3,
            0.3668727969688221
        ],
        [
            4,
            0.399900810090843
        ],
        [
            5,
            0.4415426700637015
        ],
        [
            6,
            0.4669874683534426
        ],
        [
            7,
            0.48565748894330973
        ],
        [
            8,
            0.48154006603416016
        ],
        [
            9,
            0.4415188945894287
        ]
    ],
    "info_abundance": {
        "mean": 0.6155077393550222,
        "std": 0.30612295036854625,
        "min": 0.0,
        "max": 0.9999999999973443
    },
    "class_disc": {
        "mean": 0.4527103821125678,
        "std": 0.26480633077900523,
        "min": 0.0,
        "max": 0.9999999983867616
    },
    "decorrelation": {
        "mean": 0.4298175925735618,
        "std": 0.2972925099500649,
        "min": 0.0,
        "max": 0.9999999994883301
    },
    "final_weights": {
        "mean": 0.4170022598065149,
        "std": 0.2637459596954218,
        "min": 0.0,
        "max": 1.0
    },
    "cluster_info": {
        "cluster_0": {
            "band_indices": [
                5,
                6,
                7,
                8,
                9
            ],
            "num_bands": 5,
            "avg_weight": 0.3934944265664059,
            "avg_info_abundance": 0.3013479253501314,
            "avg_class_disc": 0.08069570418792704,
            "avg_decorrelation": 0.7865294965260192
        },
        "cluster_1": {
            "band_indices": [
                21,
                22,
                44,
                45,
                46,
                47,
                48,
                49,
                50
            ],
            "num_bands": 9,
            "avg_weight": 0.5347055192596357,
            "avg_info_abundance": 0.6402103747979125,
            "avg_class_disc": 0.6763507482007154,
            "avg_decorrelation": 0.29482455491202497
        },
        "cluster_2": {
            "band_indices": [
                15,
                16,
                17,
                18,
                19,
                20
            ],
            "num_bands": 6,
            "avg_weight": 0.4193658655166681,
            "avg_info_abundance": 0.12124618218393757,
            "avg_class_disc": 0.928022868834126,
            "avg_decorrelation": 0.21502081964913844
        },
        "cluster_3": {
            "band_indices": [
                0,
                33,
                34,
                35,
                36,
                37,
                38,
                39,
                40,
                41,
                42,
                43
            ],
            "num_bands": 12,
            "avg_weight": 0.6714229559027763,
            "avg_info_abundance": 0.7512177466777267,
            "avg_class_disc": 0.48926204923148875,
            "avg_decorrelation": 0.7707783036845152
        },
        "cluster_4": {
            "band_indices": [
                10,
                11,
                12,
                13,
                14
            ],
            "num_bands": 5,
            "avg_weight": 0.43795044912823267,
            "avg_info_abundance": 0.06380240622257369,
            "avg_class_disc": 0.546045131769229,
            "avg_decorrelation": 0.6961787105615816
        },
        "cluster_5": {
            "band_indices": [
                23,
                51,
                52,
                53,
                54,
                55,
                56,
                57,
                58,
                59
            ],
            "num_bands": 10,
            "avg_weight": 0.4690902004204041,
            "avg_info_abundance": 0.9215967337154772,
            "avg_class_disc": 0.4584339414315293,
            "avg_decorrelation": 0.040235522417328994
        },
        "cluster_6": {
            "band_indices": [
                1,
                2,
                3,
                4,
                24,
                25,
                26,
                27,
                28,
                29,
                30,
                31,
                32
            ],
            "num_bands": 13,
            "avg_weight": 0.4373269994300786,
            "avg_info_abundance": 0.798827841535657,
            "avg_class_disc": 0.14754929529874786,
            "avg_decorrelation": 0.36771336551389705
        }
    }
}