{
    "foreground_mean": {
        "Accuracy": 0.9297327860196432,
        "Dice": 0.751986979847477,
        "FN": 2712169.9375,
        "FP": 2813868.625,
        "IoU": 0.6341325701408256,
        "Precision": 0.758228907881789,
        "Recall": 0.7723331728845892,
        "TN": 61408777.625,
        "TP": 11708383.8125,
        "n_pred": 14522252.4375,
        "n_ref": 14420553.75
    },
    "mean": {
        "1": {
            "Accuracy": 0.9297327860196432,
            "Dice": 0.751986979847477,
            "FN": 2712169.9375,
            "FP": 2813868.625,
            "IoU": 0.6341325701408256,
            "Precision": 0.758228907881789,
            "Recall": 0.7723331728845892,
            "TN": 61408777.625,
            "TP": 11708383.8125,
            "n_pred": 14522252.4375,
            "n_ref": 14420553.75
        }
    },
    "metric_per_case": [
        {
            "metrics": {
                "1": {
                    "Accuracy": 0.9813643391927084,
                    "Dice": 0.8200785700255353,
                    "FN": 510604,
                    "FP": 954964,
                    "IoU": 0.6950281172902191,
                    "Precision": 0.7776557748813732,
                    "Recall": 0.8673969386748108,
                    "TN": 73837616,
                    "TP": 3340016,
                    "n_pred": 4294980,
                    "n_ref": 3850620
                }
            },
            "prediction_file": "/data/CXY/g/szy/data/nnUNet_results/Dataset502_DGAGA/nnUNetTrainerHSI__nnUNetPlans__3d_fullres/fold_0/validation/030447-20x-roi4.nii.gz",
            "reference_file": "/data/CXY/g/szy/data/nnUNet_preprocessed/Dataset502_DGAGA/gt_segmentations/030447-20x-roi4.nii.gz"
        },
        {
            "metrics": {
                "1": {
                    "Accuracy": 0.9351900990804036,
                    "Dice": 0.872217865758784,
                    "FN": 1411402,
                    "FP": 3685456,
                    "IoU": 0.7733921643878688,
                    "Precision": 0.8251728819148852,
                    "Recall": 0.9249514530067232,
                    "TN": 56151224,
                    "TP": 17395118,
                    "n_pred": 21080574,
                    "n_ref": 18806520
                }
            },
            "prediction_file": "/data/CXY/g/szy/data/nnUNet_results/Dataset502_DGAGA/nnUNetTrainerHSI__nnUNetPlans__3d_fullres/fold_0/validation/030907-20x-roi4.nii.gz",
            "reference_file": "/data/CXY/g/szy/data/nnUNet_preprocessed/Dataset502_DGAGA/gt_segmentations/030907-20x-roi4.nii.gz"
        },
        {
            "metrics": {
                "1": {
                    "Accuracy": 0.966426264444987,
                    "Dice": 0.8716730619217843,
                    "FN": 1560798,
                    "FP": 1079548,
                    "IoU": 0.7725358958516328,
                    "Precision": 0.8925496792558936,
                    "Recall": 0.851750726619935,
                    "TN": 67035452,
                    "TP": 8967402,
                    "n_pred": 10046950,
                    "n_ref": 10528200
                }
            },
            "prediction_file": "/data/CXY/g/szy/data/nnUNet_results/Dataset502_DGAGA/nnUNetTrainerHSI__nnUNetPlans__3d_fullres/fold_0/validation/031193B-20x-roi6.nii.gz",
            "reference_file": "/data/CXY/g/szy/data/nnUNet_preprocessed/Dataset502_DGAGA/gt_segmentations/031193B-20x-roi6.nii.gz"
        },
        {
            "metrics": {
                "1": {
                    "Accuracy": 0.8231533432006836,
                    "Dice": 0.16959526941487393,
                    "FN": 11160352,
                    "FP": 2747435,
                    "IoU": 0.09265451874168801,
                    "Precision": 0.3407700707570202,
                    "Recall": 0.11288909237744583,
                    "TN": 63315205,
                    "TP": 1420208,
                    "n_pred": 4167643,
                    "n_ref": 12580560
                }
            },
            "prediction_file": "/data/CXY/g/szy/data/nnUNet_results/Dataset502_DGAGA/nnUNetTrainerHSI__nnUNetPlans__3d_fullres/fold_0/validation/032112-20x-roi10.nii.gz",
            "reference_file": "/data/CXY/g/szy/data/nnUNet_preprocessed/Dataset502_DGAGA/gt_segmentations/032112-20x-roi10.nii.gz"
        },
        {
            "metrics": {
                "1": {
                    "Accuracy": 0.932935307820638,
                    "Dice": 0.7798997021612403,
                    "FN": 2823416,
                    "FP": 2450766,
                    "IoU": 0.6392095006801699,
                    "Precision": 0.792219747536878,
                    "Recall": 0.767956974400952,
                    "TN": 64024794,
                    "TP": 9344224,
                    "n_pred": 11794990,
                    "n_ref": 12167640
                }
            },
            "prediction_file": "/data/CXY/g/szy/data/nnUNet_results/Dataset502_DGAGA/nnUNetTrainerHSI__nnUNetPlans__3d_fullres/fold_0/validation/032112c-20x-roi6.nii.gz",
            "reference_file": "/data/CXY/g/szy/data/nnUNet_preprocessed/Dataset502_DGAGA/gt_segmentations/032112c-20x-roi6.nii.gz"
        },
        {
            "metrics": {
                "1": {
                    "Accuracy": 0.7664049021402994,
                    "Dice": 0.6163742891800672,
                    "FN": 7027557,
                    "FP": 11343109,
                    "IoU": 0.44547762039981575,
                    "Precision": 0.5654189691743523,
                    "Recall": 0.6774234015891158,
                    "TN": 45514391,
                    "TP": 14758143,
                    "n_pred": 26101252,
                    "n_ref": 21785700
                }
            },
            "prediction_file": "/data/CXY/g/szy/data/nnUNet_results/Dataset502_DGAGA/nnUNetTrainerHSI__nnUNetPlans__3d_fullres/fold_0/validation/032414T-20x-roi5.nii.gz",
            "reference_file": "/data/CXY/g/szy/data/nnUNet_preprocessed/Dataset502_DGAGA/gt_segmentations/032414T-20x-roi5.nii.gz"
        },
        {
            "metrics": {
                "1": {
                    "Accuracy": 0.9540156428019205,
                    "Dice": 0.483626242276755,
                    "FN": 3195113,
                    "FP": 421244,
                    "IoU": 0.31893604054642455,
                    "Precision": 0.8008068089340069,
                    "Recall": 0.3464182120925742,
                    "TN": 73333336,
                    "TP": 1693507,
                    "n_pred": 2114751,
                    "n_ref": 4888620
                }
            },
            "prediction_file": "/data/CXY/g/szy/data/nnUNet_results/Dataset502_DGAGA/nnUNetTrainerHSI__nnUNetPlans__3d_fullres/fold_0/validation/032546-20x-roi4.nii.gz",
            "reference_file": "/data/CXY/g/szy/data/nnUNet_preprocessed/Dataset502_DGAGA/gt_segmentations/032546-20x-roi4.nii.gz"
        },
        {
            "metrics": {
                "1": {
                    "Accuracy": 0.9451850382486979,
                    "Dice": 0.8389361746485874,
                    "FN": 2253385,
                    "FP": 2057439,
                    "IoU": 0.7225581887323648,
                    "Precision": 0.8451233757796942,
                    "Recall": 0.8328389088686322,
                    "TN": 63105441,
                    "TP": 11226935,
                    "n_pred": 13284374,
                    "n_ref": 13480320
                }
            },
            "prediction_file": "/data/CXY/g/szy/data/nnUNet_results/Dataset502_DGAGA/nnUNetTrainerHSI__nnUNetPlans__3d_fullres/fold_0/validation/033629-20x-roi9.nii.gz",
            "reference_file": "/data/CXY/g/szy/data/nnUNet_preprocessed/Dataset502_DGAGA/gt_segmentations/033629-20x-roi9.nii.gz"
        },
        {
            "metrics": {
                "1": {
                    "Accuracy": 0.9412185287475586,